InvoiceNo,StockCode,Description,Quantity,InvoiceDate,UnitPrice,CustomerID,Country
ORD-1,P0077,Product 77,7,2023-11-23,64.66,1016,France
ORD-2,P0113,Product 113,46,2021-11-18,45.95,1044,UK
ORD-3,P0076,Product 76,33,2021-07-04,25.82,1043,Australia
ORD-4,P0006,Product 6,60,2021-04-14,36.35,1029,France
ORD-5,P0158,Product 158,3,2023-01-09,64.98,1022,USA
ORD-6,P0127,Product 127,30,2021-09-01,58.54,1027,China
ORD-7,P0089,Product 89,18,2023-11-16,65.14,1023,China
ORD-8,P0115,Product 115,1,2022-07-22,62.23,1010,China
ORD-9,P0102,Product 102,35,2021-05-28,33.04,1032,Germany
ORD-10,P0196,Product 196,22,2022-11-03,50.87,1003,Canada
ORD-11,P0188,Product 188,37,2022-11-02,9.07,1015,India
ORD-12,P0021,Product 21,81,2022-06-26,39.47,1003,Brazil
ORD-13,P0156,Product 156,73,2023-06-02,62.75,1006,Canada
ORD-14,P0013,Product 13,73,2022-11-24,31.04,1040,Japan
ORD-15,P0169,Product 169,84,2022-01-23,50.59,1001,France
ORD-16,P0061,Product 61,30,2021-02-06,23.22,1003,USA
ORD-17,P0164,Product 164,93,2023-02-05,64.59,1043,India
ORD-18,P0089,Product 89,54,2022-01-18,29.28,1010,Australia
ORD-19,P0014,Product 14,8,2021-10-05,53.02,1048,USA
ORD-20,P0139,Product 139,96,2022-08-09,60.68,1040,UK
ORD-21,P0197,Product 197,81,2023-11-15,92.59,1032,Canada
ORD-22,P0010,Product 10,38,2023-02-05,56.8,1032,China
ORD-23,P0062,Product 62,66,2021-04-23,44.87,1024,Canada
ORD-24,P0121,Product 121,4,2023-01-05,37.97,1020,Germany
ORD-25,P0055,Product 55,15,2023-07-28,71.42,1027,USA
ORD-26,P0077,Product 77,51,2022-09-18,36.2,1008,Japan
ORD-27,P0047,Product 47,56,2023-06-23,88.85,1009,Australia
ORD-28,P0083,Product 83,63,2023-03-03,79.5,1010,Brazil
ORD-29,P0122,Product 122,50,2022-08-02,87.35,1047,France
ORD-30,P0024,Product 24,33,2022-11-07,8.11,1011,France
ORD-31,P0060,Product 60,3,2023-04-20,68.3,1044,USA
ORD-32,P0115,Product 115,76,2021-09-23,85.64,1020,Canada
ORD-33,P0172,Product 172,44,2023-10-13,37.59,1023,China
ORD-34,P0086,Product 86,82,2021-10-15,97.89,1003,China
ORD-35,P0020,Product 20,17,2023-11-14,86.23,1049,China
ORD-36,P0097,Product 97,88,2023-01-26,13.8,1016,Germany
ORD-37,P0087,Product 87,17,2023-08-05,46.25,1040,Japan
ORD-38,P0164,Product 164,16,2022-03-17,45.82,1010,India
ORD-39,P0015,Product 15,46,2023-12-11,58.63,1040,USA
ORD-40,P0127,Product 127,94,2022-11-08,86.28,1023,China
ORD-41,P0048,Product 48,62,2022-06-04,34.57,1039,UK
ORD-42,P0145,Product 145,63,2022-01-25,54.16,1032,UK
ORD-43,P0152,Product 152,98,2021-09-05,5.71,1021,China
ORD-44,P0031,Product 31,57,2021-05-16,3.3,1004,Australia
ORD-45,P0140,Product 140,64,2023-10-03,58.18,1045,India
ORD-46,P0179,Product 179,72,2023-08-13,62.51,1008,Canada
ORD-47,P0169,Product 169,58,2021-09-18,9.21,1031,Germany
ORD-48,P0121,Product 121,42,2021-12-23,85.26,1014,Brazil
ORD-49,P0088,Product 88,72,2022-12-20,8.54,1007,Australia
ORD-50,P0032,Product 32,85,2023-08-07,91.96,1002,USA
ORD-51,P0081,Product 81,3,2022-09-08,92.56,1040,USA
ORD-52,P0019,Product 19,99,2023-06-05,93.2,1019,Germany
ORD-53,P0057,Product 57,88,2022-11-29,70.87,1020,Japan
ORD-54,P0184,Product 184,62,2021-02-13,16.68,1004,Brazil
ORD-55,P0138,Product 138,59,2021-10-16,81.44,1041,USA
ORD-56,P0188,Product 188,68,2023-06-25,78.58,1045,India
ORD-57,P0191,Product 191,78,2021-10-07,12.13,1009,France
ORD-58,P0085,Product 85,78,2021-01-22,19.79,1049,Japan
ORD-59,P0068,Product 68,90,2023-05-06,47.48,1026,India
ORD-60,P0195,Product 195,26,2023-08-11,84.84,1005,UK
ORD-61,P0168,Product 168,69,2022-10-25,72.79,1050,UK
ORD-62,P0198,Product 198,24,2022-05-28,33.75,1033,USA
ORD-63,P0177,Product 177,5,2023-10-03,37.28,1004,China
ORD-64,P0089,Product 89,29,2021-06-10,33.11,1036,Japan
ORD-65,P0187,Product 187,33,2023-09-17,29.56,1038,UK
ORD-66,P0123,Product 123,69,2021-11-15,70.7,1040,Brazil
ORD-67,P0055,Product 55,100,2023-01-22,59.76,1003,India
ORD-68,P0147,Product 147,20,2021-12-03,5.78,1046,Brazil
ORD-69,P0116,Product 116,98,2021-03-12,68.76,1032,France
ORD-70,P0048,Product 48,24,2023-05-25,21.4,1020,China
ORD-71,P0096,Product 96,79,2021-05-06,91.89,1037,USA
ORD-72,P0059,Product 59,50,2021-10-18,63.5,1027,Brazil
ORD-73,P0052,Product 52,87,2023-04-30,52.75,1035,France
ORD-74,P0029,Product 29,50,2021-01-01,58.58,1037,Germany
ORD-75,P0112,Product 112,30,2023-06-13,17.36,1004,France
ORD-76,P0023,Product 23,44,2021-05-15,61.69,1040,Australia
ORD-77,P0190,Product 190,77,2023-09-25,35.02,1034,Brazil
ORD-78,P0051,Product 51,65,2023-01-07,83.55,1047,France
ORD-79,P0129,Product 129,70,2023-02-28,46.71,1049,USA
ORD-80,P0158,Product 158,13,2023-06-04,39.15,1009,China
ORD-81,P0125,Product 125,47,2021-10-06,13.04,1003,Australia
ORD-82,P0050,Product 50,19,2023-06-15,4.03,1031,Australia
ORD-83,P0025,Product 25,17,2021-02-03,14.97,1036,Canada
ORD-84,P0080,Product 80,14,2023-10-01,66.83,1009,France
ORD-85,P0177,Product 177,37,2023-07-06,5.17,1049,China
ORD-86,P0185,Product 185,67,2022-08-06,78.88,1010,Australia
ORD-87,P0197,Product 197,17,2021-05-30,81.28,1015,Canada
ORD-88,P0003,Product 3,32,2023-05-06,1.91,1037,UK
ORD-89,P0014,Product 14,9,2022-12-30,28.15,1027,India
ORD-90,P0114,Product 114,9,2021-01-27,59.09,1041,India
ORD-91,P0053,Product 53,77,2021-09-12,65.98,1019,India
ORD-92,P0085,Product 85,19,2022-01-29,27.87,1028,USA
ORD-93,P0061,Product 61,63,2021-09-29,58.8,1038,Australia
ORD-94,P0157,Product 157,14,2021-09-30,70.82,1027,Germany
ORD-95,P0158,Product 158,48,2023-10-19,60.39,1020,UK
ORD-96,P0123,Product 123,91,2022-04-21,94.83,1023,France
ORD-97,P0067,Product 67,4,2022-01-11,44.9,1013,UK
ORD-98,P0156,Product 156,44,2023-05-03,64.95,1003,Canada
ORD-99,P0158,Product 158,5,2021-02-09,2.04,1002,Brazil
ORD-100,P0072,Product 72,34,2022-08-14,50.65,1049,Canada
ORD-101,P0060,Product 60,54,2023-12-22,6.82,1050,Australia
ORD-102,P0032,Product 32,34,2023-11-27,37.25,1005,China
ORD-103,P0045,Product 45,25,2021-07-06,26.16,1003,Brazil
ORD-104,P0084,Product 84,43,2022-02-05,31.51,1024,Australia
ORD-105,P0104,Product 104,92,2023-03-03,33.69,1045,UK
ORD-106,P0097,Product 97,21,2022-04-25,20.54,1026,France
ORD-107,P0123,Product 123,66,2021-08-06,62.73,1046,UK
ORD-108,P0158,Product 158,45,2021-08-09,23.99,1048,Canada
ORD-109,P0016,Product 16,77,2022-11-10,36.89,1017,India
ORD-110,P0121,Product 121,64,2022-09-26,34.48,1048,China
ORD-111,P0005,Product 5,42,2022-01-29,58.04,1032,France
ORD-112,P0133,Product 133,93,2021-01-27,17.9,1022,UK
ORD-113,P0080,Product 80,32,2022-06-25,99.57,1042,Canada
ORD-114,P0146,Product 146,61,2023-12-26,16.66,1036,Brazil
ORD-115,P0045,Product 45,8,2021-06-06,93.56,1026,China
ORD-116,P0034,Product 34,24,2023-12-14,7.92,1043,Germany
ORD-117,P0147,Product 147,14,2021-05-27,46.8,1044,China
ORD-118,P0081,Product 81,53,2022-08-27,34.5,1039,UK
ORD-119,P0096,Product 96,79,2023-02-14,92.76,1026,Germany
ORD-120,P0155,Product 155,61,2023-04-21,79.61,1040,Australia
ORD-121,P0139,Product 139,96,2023-11-01,89.33,1028,Germany
ORD-122,P0019,Product 19,97,2021-04-13,41.78,1002,Brazil
ORD-123,P0033,Product 33,20,2022-04-10,99.24,1036,Germany
ORD-124,P0028,Product 28,2,2023-05-09,12.31,1011,Germany
ORD-125,P0015,Product 15,18,2021-04-05,34.81,1021,Japan
ORD-126,P0012,Product 12,27,2022-09-11,23.24,1042,Canada
ORD-127,P0043,Product 43,8,2022-01-01,30.01,1047,Brazil
ORD-128,P0025,Product 25,83,2023-10-09,1.87,1024,Japan
ORD-129,P0157,Product 157,29,2023-07-01,60.23,1016,Germany
ORD-130,P0122,Product 122,67,2023-07-25,29.59,1024,Canada
ORD-131,P0024,Product 24,57,2021-11-24,80.11,1022,Japan
ORD-132,P0006,Product 6,71,2022-01-17,91.25,1008,China
ORD-133,P0182,Product 182,34,2023-12-01,48.75,1044,Japan
ORD-134,P0073,Product 73,41,2022-09-23,73.07,1029,Canada
ORD-135,P0171,Product 171,14,2023-11-27,80.15,1007,France
ORD-136,P0161,Product 161,6,2021-09-14,64.93,1017,Canada
ORD-137,P0107,Product 107,4,2022-06-16,60.21,1027,Canada
ORD-138,P0046,Product 46,27,2022-03-30,70.37,1048,USA
ORD-139,P0108,Product 108,11,2021-01-04,70.61,1050,Germany
ORD-140,P0048,Product 48,55,2021-06-17,98.5,1017,Brazil
ORD-141,P0084,Product 84,43,2022-01-06,99.48,1039,Brazil
ORD-142,P0165,Product 165,27,2022-03-18,93.97,1001,Australia
ORD-143,P0094,Product 94,10,2022-05-27,67.44,1020,Brazil
ORD-144,P0071,Product 71,100,2022-09-20,88.67,1010,USA
ORD-145,P0139,Product 139,5,2022-08-28,12.25,1013,USA
ORD-146,P0004,Product 4,41,2022-08-21,69.88,1037,India
ORD-147,P0079,Product 79,76,2022-11-15,76.11,1032,Germany
ORD-148,P0108,Product 108,79,2023-12-18,61.62,1031,Japan
ORD-149,P0189,Product 189,76,2022-01-30,80.37,1040,USA
ORD-150,P0091,Product 91,47,2023-05-03,38.25,1006,UK
ORD-151,P0074,Product 74,83,2022-08-18,21.05,1026,Brazil
ORD-152,P0084,Product 84,52,2023-01-29,31.76,1016,Japan
ORD-153,P0028,Product 28,55,2021-04-08,21.18,1027,USA
ORD-154,P0151,Product 151,67,2023-12-08,10.0,1049,Brazil
ORD-155,P0161,Product 161,49,2023-07-27,55.37,1012,Germany
ORD-156,P0058,Product 58,60,2023-01-06,67.16,1038,China
ORD-157,P0127,Product 127,50,2023-12-31,58.77,1044,China
ORD-158,P0107,Product 107,90,2023-11-29,94.73,1032,Germany
ORD-159,P0096,Product 96,96,2023-08-05,17.2,1008,Germany
ORD-160,P0098,Product 98,46,2022-07-13,55.56,1046,Germany
ORD-161,P0181,Product 181,47,2022-01-23,24.27,1030,USA
ORD-162,P0068,Product 68,79,2022-05-06,52.09,1045,UK
ORD-163,P0131,Product 131,73,2023-10-23,22.66,1041,USA
ORD-164,P0050,Product 50,30,2022-05-26,57.96,1022,Brazil
ORD-165,P0093,Product 93,4,2022-08-17,92.72,1013,Canada
ORD-166,P0007,Product 7,85,2021-10-02,85.78,1022,Germany
ORD-167,P0002,Product 2,45,2021-12-16,45.4,1033,India
ORD-168,P0066,Product 66,11,2023-01-13,47.97,1036,Canada
ORD-169,P0102,Product 102,23,2021-06-27,24.43,1018,Germany
ORD-170,P0152,Product 152,100,2023-01-21,5.8,1015,USA
ORD-171,P0072,Product 72,83,2022-03-20,51.88,1012,Australia
ORD-172,P0053,Product 53,11,2023-05-13,22.34,1021,USA
ORD-173,P0157,Product 157,90,2023-08-21,81.33,1016,Canada
ORD-174,P0109,Product 109,10,2022-08-22,40.42,1022,China
ORD-175,P0117,Product 117,71,2022-07-20,57.47,1025,Canada
ORD-176,P0019,Product 19,22,2021-12-18,69.2,1013,India
ORD-177,P0193,Product 193,6,2021-05-01,89.91,1021,USA
ORD-178,P0044,Product 44,60,2022-03-22,18.81,1015,France
ORD-179,P0028,Product 28,87,2022-03-16,50.11,1006,Australia
ORD-180,P0093,Product 93,100,2022-05-15,56.85,1033,China
ORD-181,P0062,Product 62,69,2021-04-12,65.46,1005,France
ORD-182,P0027,Product 27,89,2021-01-11,64.01,1024,UK
ORD-183,P0150,Product 150,72,2022-04-11,69.88,1037,USA
ORD-184,P0081,Product 81,37,2022-01-24,27.23,1008,Canada
ORD-185,P0074,Product 74,4,2022-02-21,63.15,1014,Germany
ORD-186,P0006,Product 6,88,2023-07-02,35.55,1015,India
ORD-187,P0177,Product 177,68,2023-08-26,66.49,1039,USA
ORD-188,P0140,Product 140,75,2021-10-14,34.9,1034,Canada
ORD-189,P0019,Product 19,82,2021-05-18,32.91,1042,China
ORD-190,P0056,Product 56,91,2023-06-27,16.34,1049,USA
ORD-191,P0187,Product 187,32,2023-11-06,59.57,1027,Germany
ORD-192,P0153,Product 153,45,2023-12-02,11.34,1043,Germany
ORD-193,P0199,Product 199,5,2022-07-04,63.07,1016,India
ORD-194,P0156,Product 156,25,2021-07-28,87.76,1004,USA
ORD-195,P0001,Product 1,76,2023-03-07,61.12,1012,France
ORD-196,P0105,Product 105,35,2022-08-19,1.08,1049,Canada
ORD-197,P0013,Product 13,71,2022-09-19,98.53,1025,China
ORD-198,P0149,Product 149,8,2022-09-30,83.62,1037,India
ORD-199,P0063,Product 63,29,2023-01-24,71.19,1008,France
ORD-200,P0156,Product 156,79,2022-06-03,5.13,1036,Brazil
ORD-201,P0152,Product 152,75,2021-07-24,18.59,1034,USA
ORD-202,P0021,Product 21,56,2023-01-06,26.59,1041,USA
ORD-203,P0114,Product 114,60,2023-12-14,86.98,1009,China
ORD-204,P0187,Product 187,39,2021-09-29,16.54,1010,France
ORD-205,P0001,Product 1,31,2023-08-16,24.24,1043,France
ORD-206,P0188,Product 188,84,2022-12-08,19.18,1031,Japan
ORD-207,P0084,Product 84,31,2022-04-07,30.14,1033,Japan
ORD-208,P0080,Product 80,14,2023-09-17,36.5,1014,Germany
ORD-209,P0108,Product 108,73,2022-06-17,78.45,1010,France
ORD-210,P0118,Product 118,75,2022-12-09,70.08,1048,France
ORD-211,P0089,Product 89,78,2022-05-10,19.41,1042,India
ORD-212,P0055,Product 55,61,2022-03-20,43.39,1004,USA
ORD-213,P0100,Product 100,91,2021-01-22,85.74,1007,Germany
ORD-214,P0070,Product 70,71,2023-10-10,88.48,1050,Brazil
ORD-215,P0127,Product 127,30,2023-01-22,15.25,1008,Brazil
ORD-216,P0143,Product 143,7,2022-10-19,22.23,1040,USA
ORD-217,P0035,Product 35,77,2021-05-07,42.61,1006,Japan
ORD-218,P0038,Product 38,24,2021-01-19,22.34,1016,India
ORD-219,P0068,Product 68,38,2021-02-02,15.82,1008,Japan
ORD-220,P0088,Product 88,10,2022-04-29,30.28,1048,China
ORD-221,P0199,Product 199,39,2022-03-30,39.69,1042,USA
ORD-222,P0071,Product 71,3,2021-04-18,60.02,1050,Brazil
ORD-223,P0011,Product 11,99,2023-05-16,20.78,1024,Japan
ORD-224,P0076,Product 76,88,2023-09-22,28.82,1039,Japan
ORD-225,P0061,Product 61,90,2021-04-16,55.0,1019,India
ORD-226,P0057,Product 57,5,2022-08-18,85.57,1005,UK
ORD-227,P0103,Product 103,32,2023-07-16,67.47,1049,Brazil
ORD-228,P0180,Product 180,37,2023-05-07,23.06,1002,Canada
ORD-229,P0119,Product 119,49,2021-01-10,1.99,1017,Japan
ORD-230,P0049,Product 49,15,2023-08-31,50.63,1045,Germany
ORD-231,P0186,Product 186,50,2023-04-22,46.2,1006,Germany
ORD-232,P0200,Product 200,27,2022-03-26,89.65,1002,Brazil
ORD-233,P0164,Product 164,62,2022-02-02,32.88,1032,Canada
ORD-234,P0149,Product 149,12,2022-03-13,27.64,1036,France
ORD-235,P0019,Product 19,20,2023-08-15,84.11,1011,UK
ORD-236,P0037,Product 37,88,2022-12-27,97.98,1032,Germany
ORD-237,P0199,Product 199,88,2023-02-03,87.78,1019,Germany
ORD-238,P0043,Product 43,56,2021-02-20,74.38,1007,UK
ORD-239,P0058,Product 58,45,2022-03-19,65.28,1027,India
ORD-240,P0079,Product 79,98,2021-04-14,90.08,1027,USA
ORD-241,P0027,Product 27,35,2021-06-08,92.25,1046,Germany
ORD-242,P0072,Product 72,83,2023-07-24,10.27,1024,USA
ORD-243,P0105,Product 105,81,2022-10-26,79.77,1048,USA
ORD-244,P0030,Product 30,64,2023-10-23,53.98,1042,India
ORD-245,P0049,Product 49,87,2021-01-28,88.3,1035,Japan
ORD-246,P0002,Product 2,86,2022-05-20,33.1,1011,Canada
ORD-247,P0028,Product 28,17,2022-06-22,52.95,1013,India
ORD-248,P0097,Product 97,93,2021-06-04,81.8,1020,France
ORD-249,P0093,Product 93,31,2021-07-05,14.8,1016,Germany
ORD-250,P0108,Product 108,57,2022-12-17,19.57,1034,Canada
ORD-251,P0020,Product 20,30,2022-09-09,43.24,1031,India
ORD-252,P0133,Product 133,29,2021-01-04,98.3,1012,France
ORD-253,P0019,Product 19,21,2023-10-21,53.37,1046,Japan
ORD-254,P0124,Product 124,3,2023-05-14,81.52,1050,China
ORD-255,P0032,Product 32,94,2022-09-24,14.29,1049,France
ORD-256,P0054,Product 54,6,2022-10-01,99.65,1025,Canada
ORD-257,P0100,Product 100,85,2023-02-17,81.18,1019,France
ORD-258,P0017,Product 17,97,2022-10-08,92.38,1019,Japan
ORD-259,P0089,Product 89,29,2022-05-29,72.42,1034,Germany
ORD-260,P0076,Product 76,71,2022-04-03,38.4,1048,Australia
ORD-261,P0148,Product 148,67,2023-12-11,36.48,1045,Germany
ORD-262,P0073,Product 73,82,2021-05-06,24.74,1044,Germany
ORD-263,P0091,Product 91,20,2021-08-12,78.98,1042,China
ORD-264,P0124,Product 124,98,2023-07-23,47.38,1036,India
ORD-265,P0160,Product 160,1,2021-01-04,51.38,1017,UK
ORD-266,P0141,Product 141,47,2023-09-09,39.16,1006,Germany
ORD-267,P0106,Product 106,93,2023-10-02,75.88,1043,Germany
ORD-268,P0143,Product 143,41,2023-04-21,51.73,1044,India
ORD-269,P0129,Product 129,53,2023-08-15,98.07,1034,USA
ORD-270,P0107,Product 107,15,2023-01-19,78.41,1014,France
ORD-271,P0190,Product 190,97,2023-11-22,68.24,1034,USA
ORD-272,P0173,Product 173,51,2022-06-01,31.02,1015,USA
ORD-273,P0138,Product 138,47,2023-04-20,72.34,1002,Canada
ORD-274,P0048,Product 48,38,2023-06-11,27.24,1049,France
ORD-275,P0069,Product 69,80,2021-01-31,61.71,1029,France
ORD-276,P0004,Product 4,28,2021-12-23,1.37,1016,USA
ORD-277,P0129,Product 129,57,2023-12-07,82.25,1005,China
ORD-278,P0032,Product 32,36,2021-02-10,16.73,1004,Australia
ORD-279,P0184,Product 184,94,2021-05-08,77.21,1024,Canada
ORD-280,P0009,Product 9,29,2021-04-16,83.5,1021,UK
ORD-281,P0155,Product 155,51,2021-04-06,40.72,1035,France
ORD-282,P0194,Product 194,85,2023-02-13,5.71,1025,USA
ORD-283,P0158,Product 158,38,2021-09-22,26.02,1015,Australia
ORD-284,P0005,Product 5,59,2021-02-01,92.66,1033,Brazil
ORD-285,P0042,Product 42,100,2023-03-09,62.98,1003,France
ORD-286,P0183,Product 183,43,2023-08-13,20.03,1047,UK
ORD-287,P0155,Product 155,30,2023-10-17,64.93,1009,China
ORD-288,P0011,Product 11,95,2023-01-31,60.56,1017,UK
ORD-289,P0161,Product 161,38,2023-08-07,42.41,1037,Japan
ORD-290,P0077,Product 77,58,2022-12-30,34.32,1007,France
ORD-291,P0190,Product 190,7,2023-09-16,93.39,1042,Japan
ORD-292,P0121,Product 121,47,2023-06-27,41.66,1039,Japan
ORD-293,P0012,Product 12,99,2022-05-29,73.62,1003,China
ORD-294,P0101,Product 101,100,2021-03-30,26.85,1001,Australia
ORD-295,P0007,Product 7,45,2023-05-01,31.43,1046,UK
ORD-296,P0109,Product 109,68,2022-01-12,10.62,1038,Brazil
ORD-297,P0115,Product 115,61,2021-10-21,7.12,1001,USA
ORD-298,P0071,Product 71,36,2021-12-22,30.72,1045,USA
ORD-299,P0002,Product 2,28,2021-09-09,75.64,1046,Germany
ORD-300,P0105,Product 105,82,2022-11-03,90.35,1028,USA
ORD-301,P0156,Product 156,62,2023-03-22,55.61,1047,Brazil
ORD-302,P0074,Product 74,83,2022-06-11,65.78,1032,China
ORD-303,P0171,Product 171,65,2023-10-02,79.44,1042,Australia
ORD-304,P0022,Product 22,59,2021-02-02,41.99,1049,China
ORD-305,P0004,Product 4,71,2021-11-24,20.77,1031,France
ORD-306,P0053,Product 53,43,2023-04-28,61.21,1032,UK
ORD-307,P0192,Product 192,79,2021-05-30,58.73,1021,France
ORD-308,P0094,Product 94,61,2023-11-11,91.19,1022,USA
ORD-309,P0017,Product 17,20,2021-08-08,83.27,1040,Japan
ORD-310,P0169,Product 169,29,2021-05-30,7.97,1002,Germany
ORD-311,P0159,Product 159,26,2022-05-28,63.99,1014,India
ORD-312,P0131,Product 131,66,2022-09-21,24.24,1024,Japan
ORD-313,P0171,Product 171,10,2022-08-19,8.68,1025,Australia
ORD-314,P0115,Product 115,25,2022-09-27,72.43,1009,France
ORD-315,P0088,Product 88,34,2023-06-07,71.84,1048,India
ORD-316,P0144,Product 144,59,2023-11-01,84.67,1035,USA
ORD-317,P0141,Product 141,1,2022-06-08,32.2,1007,Canada
ORD-318,P0114,Product 114,79,2021-08-18,75.09,1006,France
ORD-319,P0095,Product 95,74,2021-05-02,89.03,1034,Brazil
ORD-320,P0186,Product 186,84,2023-06-19,83.54,1012,USA
ORD-321,P0170,Product 170,79,2023-08-25,11.42,1039,India
ORD-322,P0162,Product 162,74,2021-03-16,65.65,1031,Brazil
ORD-323,P0167,Product 167,18,2021-01-25,78.49,1022,Canada
ORD-324,P0096,Product 96,14,2022-03-14,10.99,1026,France
ORD-325,P0166,Product 166,65,2021-09-21,62.87,1016,China
ORD-326,P0028,Product 28,92,2022-07-18,19.63,1014,Germany
ORD-327,P0147,Product 147,87,2022-08-03,29.79,1049,China
ORD-328,P0072,Product 72,19,2023-03-08,38.67,1016,Brazil
ORD-329,P0178,Product 178,63,2021-04-25,35.72,1032,Brazil
ORD-330,P0086,Product 86,1,2021-07-05,29.22,1036,France
ORD-331,P0018,Product 18,27,2023-08-28,76.37,1048,Australia
ORD-332,P0008,Product 8,10,2021-09-03,5.12,1009,Canada
ORD-333,P0172,Product 172,45,2022-02-13,10.41,1045,Germany
ORD-334,P0039,Product 39,20,2021-11-02,24.78,1010,Japan
ORD-335,P0088,Product 88,22,2021-08-20,35.88,1036,China
ORD-336,P0129,Product 129,91,2023-07-10,16.24,1002,France
ORD-337,P0151,Product 151,75,2022-06-01,29.09,1013,Canada
ORD-338,P0147,Product 147,59,2021-05-07,96.94,1001,Brazil
ORD-339,P0005,Product 5,49,2023-11-17,2.07,1024,India
ORD-340,P0089,Product 89,83,2021-10-31,29.58,1024,Japan
ORD-341,P0158,Product 158,8,2023-03-18,44.5,1047,UK
ORD-342,P0011,Product 11,95,2023-02-25,40.67,1038,India
ORD-343,P0101,Product 101,15,2023-08-12,91.06,1041,Japan
ORD-344,P0067,Product 67,70,2023-07-16,72.32,1031,Japan
ORD-345,P0011,Product 11,66,2021-08-25,30.71,1024,Brazil
ORD-346,P0162,Product 162,76,2022-09-26,85.65,1005,France
ORD-347,P0159,Product 159,99,2021-02-13,53.8,1017,Canada
ORD-348,P0095,Product 95,17,2022-08-10,37.83,1016,UK
ORD-349,P0115,Product 115,73,2021-11-17,8.92,1036,Australia
ORD-350,P0063,Product 63,72,2022-06-04,80.48,1009,USA
ORD-351,P0077,Product 77,2,2021-04-23,69.85,1022,Australia
ORD-352,P0123,Product 123,12,2023-05-10,66.94,1035,India
ORD-353,P0140,Product 140,51,2022-11-22,68.6,1038,UK
ORD-354,P0132,Product 132,88,2022-07-27,29.82,1006,China
ORD-355,P0143,Product 143,54,2023-01-24,66.98,1048,Brazil
ORD-356,P0080,Product 80,76,2022-02-05,51.08,1002,Japan
ORD-357,P0134,Product 134,39,2021-11-13,58.13,1011,France
ORD-358,P0040,Product 40,31,2021-01-09,92.66,1005,India
ORD-359,P0135,Product 135,70,2022-01-30,93.1,1039,India
ORD-360,P0096,Product 96,77,2023-05-01,55.54,1046,France
ORD-361,P0052,Product 52,69,2022-05-06,48.12,1001,Japan
ORD-362,P0010,Product 10,4,2023-01-06,51.29,1024,Germany
ORD-363,P0141,Product 141,82,2021-03-03,70.77,1008,Canada
ORD-364,P0148,Product 148,64,2023-07-20,96.97,1026,UK
ORD-365,P0164,Product 164,74,2021-01-06,12.62,1035,Germany
ORD-366,P0037,Product 37,46,2023-07-15,49.79,1050,China
ORD-367,P0146,Product 146,59,2023-08-18,35.78,1005,Germany
ORD-368,P0011,Product 11,41,2022-04-23,60.51,1036,Canada
ORD-369,P0006,Product 6,100,2023-11-26,68.88,1004,UK
ORD-370,P0053,Product 53,62,2023-12-01,14.16,1040,China
ORD-371,P0065,Product 65,24,2022-09-17,99.07,1016,Germany
ORD-372,P0171,Product 171,18,2022-03-18,84.33,1002,Canada
ORD-373,P0059,Product 59,25,2021-11-23,40.68,1027,Germany
ORD-374,P0102,Product 102,1,2022-08-31,70.94,1029,Brazil
ORD-375,P0104,Product 104,50,2021-11-20,6.64,1008,India
ORD-376,P0124,Product 124,41,2022-03-02,23.2,1048,France
ORD-377,P0069,Product 69,87,2021-06-29,41.81,1031,Canada
ORD-378,P0178,Product 178,57,2021-05-10,3.11,1013,USA
ORD-379,P0147,Product 147,40,2023-06-26,80.84,1027,India
ORD-380,P0182,Product 182,94,2021-01-09,31.62,1035,Germany
ORD-381,P0134,Product 134,47,2023-12-15,40.33,1019,Australia
ORD-382,P0028,Product 28,15,2022-03-01,70.64,1028,France
ORD-383,P0019,Product 19,98,2023-04-24,14.62,1029,Japan
ORD-384,P0134,Product 134,94,2022-04-09,61.96,1038,France
ORD-385,P0139,Product 139,58,2021-08-04,77.69,1043,Japan
ORD-386,P0082,Product 82,100,2022-11-17,51.25,1040,Australia
ORD-387,P0075,Product 75,43,2021-04-15,21.93,1035,China
ORD-388,P0151,Product 151,57,2023-04-25,57.98,1037,Brazil
ORD-389,P0180,Product 180,3,2022-05-09,52.11,1008,China
ORD-390,P0012,Product 12,19,2023-06-05,20.88,1021,Japan
ORD-391,P0139,Product 139,82,2021-05-18,14.36,1025,India
ORD-392,P0199,Product 199,46,2021-12-25,15.76,1001,China
ORD-393,P0034,Product 34,36,2021-04-25,98.08,1043,India
ORD-394,P0047,Product 47,13,2023-08-20,26.45,1042,Canada
ORD-395,P0199,Product 199,32,2021-12-09,42.25,1023,Japan
ORD-396,P0117,Product 117,23,2023-04-18,53.24,1041,Japan
ORD-397,P0072,Product 72,90,2023-01-17,49.71,1026,France
ORD-398,P0018,Product 18,68,2023-01-19,52.88,1015,Germany
ORD-399,P0096,Product 96,61,2021-06-20,25.69,1049,Japan
ORD-400,P0060,Product 60,59,2023-06-18,36.24,1015,USA
ORD-401,P0127,Product 127,69,2023-07-26,39.51,1016,Canada
ORD-402,P0190,Product 190,51,2023-12-28,96.82,1012,France
ORD-403,P0035,Product 35,33,2022-04-29,23.64,1019,India
ORD-404,P0065,Product 65,35,2022-01-05,13.32,1020,China
ORD-405,P0178,Product 178,56,2022-08-13,1.68,1018,Japan
ORD-406,P0140,Product 140,26,2021-01-22,78.69,1012,Australia
ORD-407,P0027,Product 27,33,2021-05-10,44.16,1031,Canada
ORD-408,P0013,Product 13,51,2023-09-07,13.8,1042,USA
ORD-409,P0192,Product 192,78,2022-12-28,87.68,1043,Canada
ORD-410,P0068,Product 68,83,2021-08-12,8.87,1044,Germany
ORD-411,P0003,Product 3,4,2021-08-31,58.47,1015,India
ORD-412,P0098,Product 98,26,2022-10-04,88.56,1005,France
ORD-413,P0033,Product 33,92,2021-09-10,29.2,1049,Japan
ORD-414,P0124,Product 124,1,2021-02-05,55.85,1016,Australia
ORD-415,P0152,Product 152,89,2022-03-12,68.41,1005,Japan
ORD-416,P0025,Product 25,86,2022-02-14,73.91,1002,Germany
ORD-417,P0031,Product 31,91,2022-08-28,37.08,1006,China
ORD-418,P0163,Product 163,62,2022-05-14,1.76,1043,Australia
ORD-419,P0062,Product 62,41,2021-05-10,1.53,1024,Brazil
ORD-420,P0041,Product 41,37,2021-11-06,37.66,1040,France
ORD-421,P0192,Product 192,94,2022-08-29,15.33,1020,Japan
ORD-422,P0139,Product 139,30,2023-04-02,43.23,1002,France
ORD-423,P0082,Product 82,33,2023-10-27,56.99,1003,Canada
ORD-424,P0130,Product 130,59,2021-07-08,58.26,1010,France
ORD-425,P0112,Product 112,6,2023-02-23,69.24,1023,Australia
ORD-426,P0067,Product 67,85,2021-10-17,29.01,1032,Brazil
ORD-427,P0032,Product 32,16,2023-12-04,40.67,1049,Australia
ORD-428,P0138,Product 138,91,2021-09-23,2.57,1034,Japan
ORD-429,P0179,Product 179,72,2023-09-23,9.71,1024,Canada
ORD-430,P0167,Product 167,73,2021-06-08,10.46,1015,USA
ORD-431,P0105,Product 105,61,2022-06-23,75.17,1020,UK
ORD-432,P0150,Product 150,74,2022-10-04,58.37,1016,Australia
ORD-433,P0185,Product 185,17,2021-11-10,44.82,1016,India
ORD-434,P0156,Product 156,55,2021-10-26,9.84,1021,USA
ORD-435,P0167,Product 167,22,2021-02-06,2.28,1035,Japan
ORD-436,P0061,Product 61,61,2021-10-25,32.52,1018,Germany
ORD-437,P0174,Product 174,7,2022-08-05,39.37,1023,Germany
ORD-438,P0101,Product 101,84,2022-12-12,78.41,1020,Canada
ORD-439,P0010,Product 10,60,2022-10-17,47.63,1018,Japan
ORD-440,P0090,Product 90,19,2022-03-14,1.03,1015,India
ORD-441,P0171,Product 171,38,2022-04-24,23.65,1014,UK
ORD-442,P0048,Product 48,42,2022-04-17,63.37,1043,Canada
ORD-443,P0142,Product 142,36,2023-10-27,21.7,1043,UK
ORD-444,P0004,Product 4,52,2023-12-30,1.24,1038,Brazil
ORD-445,P0089,Product 89,8,2021-11-10,95.28,1007,Canada
ORD-446,P0054,Product 54,99,2023-02-15,83.76,1027,Canada
ORD-447,P0160,Product 160,7,2022-12-17,32.57,1028,China
ORD-448,P0161,Product 161,60,2021-12-28,95.12,1008,Canada
ORD-449,P0162,Product 162,33,2022-06-14,50.64,1009,Brazil
ORD-450,P0109,Product 109,89,2023-03-28,35.26,1042,Germany
ORD-451,P0067,Product 67,98,2023-12-26,17.55,1015,Australia
ORD-452,P0073,Product 73,12,2022-04-19,70.23,1033,USA
ORD-453,P0022,Product 22,54,2021-11-18,10.37,1042,China
ORD-454,P0082,Product 82,83,2023-08-30,91.79,1010,Australia
ORD-455,P0180,Product 180,21,2022-08-22,54.66,1043,Australia
ORD-456,P0186,Product 186,80,2022-07-02,52.16,1003,Canada
ORD-457,P0081,Product 81,68,2021-07-02,26.35,1023,Canada
ORD-458,P0081,Product 81,89,2023-01-20,26.3,1032,USA
ORD-459,P0004,Product 4,76,2023-09-19,73.65,1036,USA
ORD-460,P0066,Product 66,75,2023-05-02,49.25,1008,Japan
ORD-461,P0088,Product 88,2,2023-11-05,93.01,1021,Canada
ORD-462,P0141,Product 141,43,2023-01-14,67.09,1013,France
ORD-463,P0030,Product 30,15,2021-10-29,46.55,1041,Germany
ORD-464,P0070,Product 70,22,2021-09-25,94.58,1018,Brazil
ORD-465,P0032,Product 32,23,2023-05-22,8.73,1033,France
ORD-466,P0185,Product 185,68,2022-10-26,38.42,1029,India
ORD-467,P0125,Product 125,56,2021-09-09,41.32,1042,Germany
ORD-468,P0072,Product 72,12,2022-07-12,1.34,1027,China
ORD-469,P0154,Product 154,47,2023-02-11,9.25,1006,Australia
ORD-470,P0176,Product 176,49,2021-12-21,11.37,1014,USA
ORD-471,P0005,Product 5,90,2023-02-01,76.19,1026,Canada
ORD-472,P0191,Product 191,64,2022-09-08,36.23,1010,USA
ORD-473,P0007,Product 7,83,2022-12-08,2.24,1035,Japan
ORD-474,P0005,Product 5,28,2022-08-13,65.34,1006,UK
ORD-475,P0023,Product 23,95,2023-12-16,19.16,1048,USA
ORD-476,P0096,Product 96,16,2021-08-01,14.62,1035,Australia
ORD-477,P0085,Product 85,54,2021-12-01,15.43,1018,India
ORD-478,P0102,Product 102,92,2022-11-15,45.41,1046,India
ORD-479,P0138,Product 138,77,2021-07-15,54.96,1049,Germany
ORD-480,P0060,Product 60,17,2022-06-20,92.42,1013,Canada
ORD-481,P0148,Product 148,39,2023-03-26,2.93,1040,France
ORD-482,P0041,Product 41,25,2022-01-09,20.54,1028,Germany
ORD-483,P0037,Product 37,26,2021-12-15,73.86,1014,Germany
ORD-484,P0072,Product 72,51,2023-01-25,97.05,1010,France
ORD-485,P0154,Product 154,74,2023-11-26,96.78,1009,France
ORD-486,P0148,Product 148,19,2022-04-30,5.74,1001,Germany
ORD-487,P0054,Product 54,46,2023-03-12,25.55,1014,Germany
ORD-488,P0025,Product 25,31,2022-01-08,57.51,1036,Germany
ORD-489,P0053,Product 53,42,2021-03-26,9.16,1039,China
ORD-490,P0120,Product 120,1,2021-08-05,94.35,1018,Canada
ORD-491,P0171,Product 171,40,2023-11-12,68.98,1014,France
ORD-492,P0145,Product 145,67,2021-12-01,18.64,1041,USA
ORD-493,P0038,Product 38,39,2021-04-11,11.16,1019,Brazil
ORD-494,P0039,Product 39,10,2023-01-09,88.93,1024,USA
ORD-495,P0024,Product 24,77,2022-11-06,97.44,1034,Canada
ORD-496,P0095,Product 95,80,2022-12-15,91.48,1036,Brazil
ORD-497,P0031,Product 31,95,2021-02-21,26.11,1022,USA
ORD-498,P0101,Product 101,5,2021-08-27,78.48,1005,UK
ORD-499,P0152,Product 152,72,2021-08-05,18.82,1011,France
ORD-500,P0061,Product 61,38,2023-12-03,43.86,1049,UK
ORD-501,P0098,Product 98,74,2023-06-26,89.08,1032,India
ORD-502,P0184,Product 184,56,2022-08-07,51.97,1008,China
ORD-503,P0044,Product 44,27,2022-01-06,40.37,1027,Germany
ORD-504,P0035,Product 35,23,2021-08-24,12.56,1007,China
ORD-505,P0064,Product 64,13,2021-01-28,5.05,1006,India
ORD-506,P0159,Product 159,73,2022-04-13,87.11,1017,Japan
ORD-507,P0019,Product 19,66,2021-12-22,88.43,1009,UK
ORD-508,P0130,Product 130,94,2023-12-15,75.17,1025,UK
ORD-509,P0026,Product 26,40,2021-08-08,39.26,1032,UK
ORD-510,P0130,Product 130,98,2023-12-27,67.28,1005,UK
ORD-511,P0131,Product 131,12,2022-02-13,97.08,1011,Australia
ORD-512,P0106,Product 106,89,2022-02-19,43.74,1018,Japan
ORD-513,P0148,Product 148,47,2023-02-06,83.71,1030,France
ORD-514,P0028,Product 28,93,2021-03-01,1.79,1004,Canada
ORD-515,P0103,Product 103,79,2023-07-13,13.11,1048,Germany
ORD-516,P0056,Product 56,5,2022-12-18,50.58,1017,USA
ORD-517,P0057,Product 57,33,2022-03-02,46.74,1044,USA
ORD-518,P0031,Product 31,17,2022-08-25,32.02,1033,UK
ORD-519,P0007,Product 7,11,2021-04-23,55.65,1045,Germany
ORD-520,P0171,Product 171,46,2023-08-20,34.23,1050,Canada
ORD-521,P0130,Product 130,91,2023-03-19,45.15,1014,UK
ORD-522,P0161,Product 161,40,2021-11-19,86.54,1005,USA
ORD-523,P0142,Product 142,95,2021-03-05,20.53,1018,Germany
ORD-524,P0136,Product 136,14,2023-06-11,67.7,1006,Germany
ORD-525,P0041,Product 41,65,2023-04-07,92.8,1008,France
ORD-526,P0013,Product 13,56,2023-11-06,90.53,1015,India
ORD-527,P0076,Product 76,59,2023-07-15,52.25,1029,Australia
ORD-528,P0013,Product 13,44,2022-04-01,62.87,1019,France
ORD-529,P0048,Product 48,11,2023-10-25,95.56,1011,Japan
ORD-530,P0027,Product 27,93,2022-07-28,21.84,1029,UK
ORD-531,P0031,Product 31,51,2023-05-15,16.26,1031,USA
ORD-532,P0093,Product 93,66,2021-01-20,95.06,1007,China
ORD-533,P0007,Product 7,76,2023-09-05,11.08,1049,France
ORD-534,P0061,Product 61,2,2022-10-27,77.8,1017,USA
ORD-535,P0168,Product 168,95,2023-05-03,44.29,1018,Canada
ORD-536,P0036,Product 36,10,2023-04-09,84.88,1029,Australia
ORD-537,P0137,Product 137,21,2021-08-09,22.26,1030,India
ORD-538,P0161,Product 161,55,2022-07-28,56.04,1011,UK
ORD-539,P0147,Product 147,54,2022-12-01,28.43,1044,France
ORD-540,P0006,Product 6,60,2021-01-09,20.53,1047,Germany
ORD-541,P0067,Product 67,18,2021-01-31,28.38,1027,USA
ORD-542,P0015,Product 15,5,2022-04-09,29.18,1024,Australia
ORD-543,P0177,Product 177,2,2022-06-14,16.33,1034,India
ORD-544,P0136,Product 136,52,2021-01-02,91.25,1028,Australia
ORD-545,P0175,Product 175,33,2022-09-08,30.57,1021,Germany
ORD-546,P0161,Product 161,14,2023-08-01,12.24,1030,Australia
ORD-547,P0012,Product 12,59,2021-10-10,69.13,1040,Brazil
ORD-548,P0085,Product 85,86,2021-07-02,39.02,1042,Germany
ORD-549,P0111,Product 111,33,2022-08-04,41.15,1004,Canada
ORD-550,P0056,Product 56,3,2021-02-22,97.08,1047,Germany
ORD-551,P0103,Product 103,80,2023-12-21,6.48,1024,USA
ORD-552,P0098,Product 98,69,2021-08-17,31.24,1007,China
ORD-553,P0047,Product 47,88,2021-05-31,61.11,1003,Germany
ORD-554,P0036,Product 36,81,2021-10-28,59.98,1045,USA
ORD-555,P0071,Product 71,10,2022-05-26,41.0,1020,Australia
ORD-556,P0050,Product 50,24,2021-09-13,90.4,1047,Brazil
ORD-557,P0145,Product 145,53,2021-07-10,90.53,1025,Canada
ORD-558,P0076,Product 76,89,2022-03-23,41.85,1049,China
ORD-559,P0141,Product 141,60,2022-04-20,43.19,1033,Australia
ORD-560,P0071,Product 71,63,2023-08-13,30.76,1037,Canada
ORD-561,P0040,Product 40,71,2022-11-18,17.13,1028,Australia
ORD-562,P0060,Product 60,13,2021-04-20,14.91,1045,Germany
ORD-563,P0192,Product 192,61,2021-11-17,84.17,1012,China
ORD-564,P0185,Product 185,27,2021-11-04,36.28,1032,USA
ORD-565,P0196,Product 196,36,2023-01-31,9.22,1041,China
ORD-566,P0105,Product 105,92,2023-04-08,96.91,1050,UK
ORD-567,P0116,Product 116,45,2022-04-02,51.41,1015,Japan
ORD-568,P0005,Product 5,8,2023-06-03,43.07,1025,France
ORD-569,P0149,Product 149,72,2022-04-06,19.08,1011,Germany
ORD-570,P0179,Product 179,65,2022-09-30,79.29,1035,China
ORD-571,P0101,Product 101,84,2023-08-06,78.31,1026,Brazil
ORD-572,P0111,Product 111,80,2022-02-22,85.33,1007,Canada
ORD-573,P0073,Product 73,90,2023-06-08,41.46,1018,France
ORD-574,P0107,Product 107,74,2021-04-24,63.26,1050,Canada
ORD-575,P0119,Product 119,29,2022-05-13,20.67,1045,France
ORD-576,P0155,Product 155,6,2022-09-08,12.44,1031,UK
ORD-577,P0005,Product 5,34,2021-08-11,13.66,1047,Germany
ORD-578,P0025,Product 25,35,2022-08-09,15.89,1030,USA
ORD-579,P0117,Product 117,47,2022-08-22,41.22,1025,Australia
ORD-580,P0052,Product 52,50,2022-02-19,24.27,1031,China
ORD-581,P0007,Product 7,46,2021-02-23,70.16,1042,Australia
ORD-582,P0068,Product 68,83,2021-02-18,87.6,1027,UK
ORD-583,P0042,Product 42,32,2022-02-06,40.56,1008,China
ORD-584,P0188,Product 188,61,2021-02-16,66.54,1045,Australia
ORD-585,P0111,Product 111,13,2023-12-23,41.01,1036,India
ORD-586,P0162,Product 162,49,2021-07-03,96.73,1007,China
ORD-587,P0021,Product 21,37,2022-04-21,67.74,1031,USA
ORD-588,P0119,Product 119,84,2021-01-03,95.83,1049,France
ORD-589,P0107,Product 107,7,2022-08-18,25.66,1027,China
ORD-590,P0176,Product 176,70,2021-03-08,27.04,1041,India
ORD-591,P0085,Product 85,4,2023-10-11,42.64,1008,Canada
ORD-592,P0034,Product 34,12,2023-08-13,71.92,1026,USA
ORD-593,P0078,Product 78,44,2022-04-04,77.8,1029,India
ORD-594,P0106,Product 106,59,2023-06-09,7.05,1006,China
ORD-595,P0090,Product 90,18,2023-01-04,31.94,1039,UK
ORD-596,P0104,Product 104,55,2021-08-29,32.22,1017,China
ORD-597,P0149,Product 149,63,2022-01-19,17.69,1034,Brazil
ORD-598,P0087,Product 87,100,2021-02-20,31.77,1048,Australia
ORD-599,P0092,Product 92,58,2022-11-01,30.99,1004,France
ORD-600,P0056,Product 56,34,2021-12-21,69.49,1011,Germany
ORD-601,P0085,Product 85,11,2023-08-31,44.41,1003,Japan
ORD-602,P0046,Product 46,7,2023-09-18,14.25,1050,Brazil
ORD-603,P0111,Product 111,82,2021-12-31,68.6,1001,France
ORD-604,P0170,Product 170,32,2022-07-14,36.66,1004,Brazil
ORD-605,P0122,Product 122,32,2023-08-11,5.19,1011,China
ORD-606,P0061,Product 61,19,2023-03-30,66.33,1001,Germany
ORD-607,P0047,Product 47,66,2021-09-21,46.33,1043,Japan
ORD-608,P0081,Product 81,72,2022-06-24,39.43,1031,Australia
ORD-609,P0134,Product 134,7,2022-06-06,71.44,1006,Canada
ORD-610,P0129,Product 129,38,2021-02-25,47.27,1042,India
ORD-611,P0051,Product 51,45,2023-03-22,34.5,1033,France
ORD-612,P0001,Product 1,15,2023-09-26,80.5,1011,Japan
ORD-613,P0040,Product 40,22,2021-10-05,35.05,1041,China
ORD-614,P0142,Product 142,94,2023-12-05,66.6,1011,India
ORD-615,P0061,Product 61,55,2023-09-17,56.9,1014,France
ORD-616,P0032,Product 32,55,2022-09-03,54.26,1031,Brazil
ORD-617,P0156,Product 156,40,2021-04-08,42.42,1036,India
ORD-618,P0189,Product 189,76,2021-01-27,76.99,1035,Australia
ORD-619,P0133,Product 133,29,2023-05-30,43.15,1021,China
ORD-620,P0032,Product 32,75,2022-08-26,83.59,1039,Brazil
ORD-621,P0080,Product 80,60,2021-04-22,57.48,1031,Canada
ORD-622,P0131,Product 131,48,2021-09-18,73.12,1029,India
ORD-623,P0030,Product 30,92,2022-06-24,67.87,1012,Japan
ORD-624,P0064,Product 64,97,2022-07-13,37.44,1012,USA
ORD-625,P0022,Product 22,59,2022-12-04,39.97,1024,UK
ORD-626,P0132,Product 132,57,2022-01-09,75.73,1045,Brazil
ORD-627,P0021,Product 21,30,2023-03-22,92.35,1034,India
ORD-628,P0132,Product 132,83,2022-06-13,16.75,1042,France
ORD-629,P0031,Product 31,97,2023-12-11,10.37,1047,Canada
ORD-630,P0020,Product 20,12,2023-05-08,36.62,1022,India
ORD-631,P0108,Product 108,6,2022-04-03,45.04,1011,Japan
ORD-632,P0117,Product 117,87,2023-06-16,58.98,1049,Australia
ORD-633,P0017,Product 17,13,2021-10-23,73.81,1024,Canada
ORD-634,P0164,Product 164,53,2021-12-03,14.0,1020,Brazil
ORD-635,P0025,Product 25,85,2023-01-04,94.06,1006,Canada
ORD-636,P0120,Product 120,52,2022-11-23,69.88,1031,China
ORD-637,P0132,Product 132,87,2022-05-01,49.94,1016,China
ORD-638,P0067,Product 67,94,2022-10-23,6.41,1040,India
ORD-639,P0079,Product 79,83,2023-10-08,51.84,1003,USA
ORD-640,P0080,Product 80,1,2021-10-17,87.21,1020,Australia
ORD-641,P0043,Product 43,63,2021-09-07,73.91,1005,India
ORD-642,P0055,Product 55,73,2022-10-02,57.79,1003,Germany
ORD-643,P0039,Product 39,47,2022-01-17,58.34,1034,UK
ORD-644,P0060,Product 60,65,2021-05-03,62.67,1004,France
ORD-645,P0174,Product 174,89,2021-09-23,19.06,1031,USA
ORD-646,P0032,Product 32,84,2023-01-14,89.02,1009,Brazil
ORD-647,P0171,Product 171,81,2022-05-03,16.05,1005,China
ORD-648,P0099,Product 99,23,2021-09-04,80.03,1025,India
ORD-649,P0115,Product 115,35,2023-01-16,1.24,1022,Brazil
ORD-650,P0156,Product 156,21,2021-05-31,59.66,1046,China
ORD-651,P0091,Product 91,81,2023-02-07,6.93,1038,Japan
ORD-652,P0071,Product 71,42,2021-10-04,63.35,1025,Germany
ORD-653,P0161,Product 161,87,2021-06-07,18.8,1026,Australia
ORD-654,P0011,Product 11,59,2021-06-11,56.68,1030,Japan
ORD-655,P0067,Product 67,11,2021-02-16,25.37,1011,Australia
ORD-656,P0149,Product 149,76,2023-07-20,11.88,1039,Australia
ORD-657,P0139,Product 139,13,2022-05-14,31.59,1005,China
ORD-658,P0116,Product 116,55,2021-12-16,97.27,1020,India
ORD-659,P0112,Product 112,89,2022-11-19,29.61,1035,UK
ORD-660,P0171,Product 171,6,2022-06-09,11.06,1009,India
ORD-661,P0064,Product 64,95,2023-03-28,52.02,1038,France
ORD-662,P0016,Product 16,75,2022-05-05,43.95,1002,France
ORD-663,P0091,Product 91,83,2023-06-16,2.98,1040,India
ORD-664,P0150,Product 150,87,2022-05-06,37.04,1048,France
ORD-665,P0036,Product 36,59,2021-10-21,50.73,1020,France
ORD-666,P0002,Product 2,11,2021-09-10,84.84,1041,Germany
ORD-667,P0135,Product 135,92,2023-08-24,90.43,1047,USA
ORD-668,P0042,Product 42,66,2022-04-06,1.22,1025,France
ORD-669,P0115,Product 115,12,2021-04-23,80.14,1043,Canada
ORD-670,P0096,Product 96,10,2021-11-08,83.0,1044,UK
ORD-671,P0054,Product 54,79,2022-11-25,74.83,1048,China
ORD-672,P0165,Product 165,40,2023-05-30,31.63,1012,India
ORD-673,P0193,Product 193,94,2022-11-27,67.28,1049,China
ORD-674,P0046,Product 46,69,2023-06-12,60.91,1010,Germany
ORD-675,P0129,Product 129,95,2022-06-09,71.17,1018,USA
ORD-676,P0123,Product 123,94,2021-12-05,88.05,1003,Brazil
ORD-677,P0160,Product 160,29,2021-09-16,56.09,1009,Brazil
ORD-678,P0149,Product 149,64,2023-01-02,19.61,1020,India
ORD-679,P0037,Product 37,25,2021-04-06,39.5,1045,UK
ORD-680,P0011,Product 11,7,2023-09-03,6.98,1036,UK
ORD-681,P0134,Product 134,78,2022-09-21,52.47,1019,Japan
ORD-682,P0097,Product 97,76,2023-10-20,34.83,1015,India
ORD-683,P0082,Product 82,48,2022-12-03,52.54,1016,USA
ORD-684,P0059,Product 59,52,2022-04-22,94.44,1020,France
ORD-685,P0048,Product 48,57,2023-03-11,73.81,1002,Australia
ORD-686,P0144,Product 144,24,2021-03-30,36.47,1038,Brazil
ORD-687,P0034,Product 34,78,2021-03-01,96.01,1009,UK
ORD-688,P0005,Product 5,42,2023-04-28,61.26,1018,UK
ORD-689,P0035,Product 35,96,2023-11-08,20.03,1001,China
ORD-690,P0034,Product 34,54,2023-12-20,56.21,1038,USA
ORD-691,P0141,Product 141,92,2022-09-16,89.06,1042,France
ORD-692,P0171,Product 171,64,2022-12-27,3.51,1014,USA
ORD-693,P0064,Product 64,7,2023-04-22,2.61,1033,India
ORD-694,P0065,Product 65,63,2021-07-14,80.0,1046,Japan
ORD-695,P0186,Product 186,22,2022-07-06,32.19,1031,Canada
ORD-696,P0145,Product 145,3,2021-04-09,28.33,1006,Australia
ORD-697,P0116,Product 116,98,2022-01-25,32.01,1025,Brazil
ORD-698,P0122,Product 122,28,2021-10-17,5.51,1014,China
ORD-699,P0173,Product 173,75,2021-03-28,79.92,1019,Canada
ORD-700,P0102,Product 102,5,2022-03-18,49.61,1031,Japan
ORD-701,P0186,Product 186,73,2021-06-07,92.11,1018,China
ORD-702,P0003,Product 3,73,2023-11-12,55.78,1016,Japan
ORD-703,P0040,Product 40,75,2023-11-18,2.09,1001,UK
ORD-704,P0149,Product 149,82,2022-11-16,95.21,1015,UK
ORD-705,P0026,Product 26,94,2021-09-01,8.61,1017,Brazil
ORD-706,P0029,Product 29,15,2023-08-03,56.96,1006,India
ORD-707,P0060,Product 60,69,2021-02-17,49.25,1010,Japan
ORD-708,P0087,Product 87,16,2023-04-25,49.37,1011,Australia
ORD-709,P0033,Product 33,26,2022-04-16,54.18,1047,Germany
ORD-710,P0094,Product 94,91,2021-03-10,1.65,1045,China
ORD-711,P0123,Product 123,64,2021-08-20,15.49,1011,China
ORD-712,P0175,Product 175,57,2022-06-13,93.07,1035,Australia
ORD-713,P0033,Product 33,57,2021-07-15,38.45,1031,Japan
ORD-714,P0146,Product 146,21,2021-09-24,3.28,1003,Australia
ORD-715,P0024,Product 24,23,2021-11-09,90.68,1011,Canada
ORD-716,P0034,Product 34,85,2022-01-01,52.39,1024,Brazil
ORD-717,P0010,Product 10,59,2021-06-19,28.16,1032,France
ORD-718,P0003,Product 3,43,2022-06-04,62.97,1024,India
ORD-719,P0117,Product 117,100,2022-09-13,72.19,1015,China
ORD-720,P0163,Product 163,44,2022-07-20,52.08,1045,Germany
ORD-721,P0129,Product 129,3,2021-03-03,78.25,1049,China
ORD-722,P0056,Product 56,92,2023-10-23,34.52,1004,France
ORD-723,P0179,Product 179,35,2021-12-10,22.19,1033,Germany
ORD-724,P0010,Product 10,38,2022-11-21,8.82,1049,Germany
ORD-725,P0004,Product 4,29,2023-05-28,44.47,1017,France
ORD-726,P0166,Product 166,63,2023-12-13,75.53,1042,India
ORD-727,P0020,Product 20,56,2021-01-19,85.49,1013,France
ORD-728,P0081,Product 81,57,2021-08-13,52.32,1023,Canada
ORD-729,P0131,Product 131,17,2022-04-29,9.8,1006,Germany
ORD-730,P0006,Product 6,5,2021-08-19,19.89,1035,Australia
ORD-731,P0192,Product 192,74,2021-12-07,41.16,1037,Brazil
ORD-732,P0054,Product 54,83,2021-12-06,65.11,1037,UK
ORD-733,P0026,Product 26,15,2023-01-06,50.95,1015,India
ORD-734,P0172,Product 172,52,2023-12-21,2.02,1006,UK
ORD-735,P0152,Product 152,37,2022-05-18,67.0,1012,USA
ORD-736,P0063,Product 63,47,2022-06-10,16.19,1044,Canada
ORD-737,P0083,Product 83,5,2022-02-07,51.16,1041,UK
ORD-738,P0022,Product 22,60,2022-11-26,91.87,1026,UK
ORD-739,P0052,Product 52,7,2022-06-16,5.36,1040,India
ORD-740,P0194,Product 194,72,2021-06-22,74.21,1045,China
ORD-741,P0129,Product 129,19,2021-01-25,66.39,1028,Canada
ORD-742,P0094,Product 94,63,2023-01-06,92.99,1016,Brazil
ORD-743,P0080,Product 80,45,2021-06-25,85.03,1007,Japan
ORD-744,P0003,Product 3,34,2023-10-04,1.24,1047,Canada
ORD-745,P0140,Product 140,46,2023-04-24,46.17,1047,USA
ORD-746,P0192,Product 192,63,2022-10-18,25.75,1014,France
ORD-747,P0077,Product 77,70,2023-12-21,88.25,1009,USA
ORD-748,P0131,Product 131,62,2022-03-11,1.35,1006,UK
ORD-749,P0122,Product 122,36,2021-11-09,94.4,1020,China
ORD-750,P0187,Product 187,75,2023-06-24,71.76,1049,Japan
ORD-751,P0182,Product 182,89,2021-10-11,6.99,1016,USA
ORD-752,P0121,Product 121,10,2023-03-02,9.98,1013,China
ORD-753,P0006,Product 6,68,2022-03-17,27.35,1016,France
ORD-754,P0196,Product 196,76,2022-05-29,52.31,1034,Germany
ORD-755,P0152,Product 152,42,2021-02-06,26.02,1034,Australia
ORD-756,P0118,Product 118,8,2021-12-03,60.17,1043,Canada
ORD-757,P0100,Product 100,94,2022-04-23,11.46,1009,Germany
ORD-758,P0155,Product 155,34,2022-07-23,52.34,1013,Japan
ORD-759,P0168,Product 168,71,2023-01-20,78.55,1013,Canada
ORD-760,P0063,Product 63,47,2021-03-01,87.33,1048,China
ORD-761,P0067,Product 67,73,2022-02-11,13.24,1049,China
ORD-762,P0028,Product 28,83,2023-11-17,83.41,1013,Brazil
ORD-763,P0010,Product 10,21,2023-11-24,54.45,1012,USA
ORD-764,P0043,Product 43,60,2023-05-12,64.69,1035,Canada
ORD-765,P0146,Product 146,74,2023-03-27,64.41,1033,Japan
ORD-766,P0037,Product 37,11,2023-01-17,11.24,1006,UK
ORD-767,P0080,Product 80,38,2022-07-08,96.21,1003,Brazil
ORD-768,P0058,Product 58,63,2023-07-12,12.62,1013,UK
ORD-769,P0164,Product 164,41,2021-01-24,57.24,1026,Japan
ORD-770,P0058,Product 58,32,2022-11-03,53.92,1042,Germany
ORD-771,P0029,Product 29,95,2021-07-23,29.2,1007,China
ORD-772,P0174,Product 174,46,2023-02-06,69.97,1017,USA
ORD-773,P0100,Product 100,77,2022-03-14,51.66,1050,UK
ORD-774,P0145,Product 145,67,2022-06-02,99.65,1009,Japan
ORD-775,P0002,Product 2,53,2023-06-16,7.44,1013,Japan
ORD-776,P0159,Product 159,81,2022-06-18,66.03,1020,UK
ORD-777,P0051,Product 51,16,2021-07-22,69.85,1046,France
ORD-778,P0185,Product 185,30,2023-02-11,6.46,1037,Japan
ORD-779,P0015,Product 15,78,2023-06-05,80.56,1013,Brazil
ORD-780,P0088,Product 88,80,2022-11-10,6.64,1024,Australia
ORD-781,P0048,Product 48,71,2022-08-21,88.39,1007,France
ORD-782,P0043,Product 43,43,2022-01-27,51.86,1040,UK
ORD-783,P0132,Product 132,63,2021-02-21,92.14,1041,Brazil
ORD-784,P0039,Product 39,21,2021-02-25,38.09,1036,France
ORD-785,P0140,Product 140,26,2022-03-12,98.84,1043,Japan
ORD-786,P0126,Product 126,24,2021-02-08,42.68,1037,Canada
ORD-787,P0055,Product 55,12,2023-06-02,43.32,1044,Japan
ORD-788,P0162,Product 162,44,2023-07-09,54.06,1007,Australia
ORD-789,P0055,Product 55,77,2023-10-16,1.73,1035,Australia
ORD-790,P0066,Product 66,65,2021-12-14,9.95,1017,Japan
ORD-791,P0086,Product 86,38,2023-10-06,28.91,1036,UK
ORD-792,P0059,Product 59,33,2022-01-20,15.78,1016,USA
ORD-793,P0135,Product 135,44,2022-03-10,78.51,1042,Germany
ORD-794,P0113,Product 113,56,2023-11-19,1.77,1029,USA
ORD-795,P0075,Product 75,87,2022-05-18,23.67,1006,USA
ORD-796,P0001,Product 1,83,2021-01-01,89.95,1005,India
ORD-797,P0186,Product 186,14,2021-03-20,52.1,1001,Germany
ORD-798,P0062,Product 62,73,2023-08-08,43.01,1011,France
ORD-799,P0141,Product 141,72,2021-01-27,22.65,1018,France
ORD-800,P0082,Product 82,72,2022-03-15,92.59,1021,France
ORD-801,P0119,Product 119,97,2022-05-26,5.13,1017,USA
ORD-802,P0109,Product 109,52,2023-09-16,27.0,1035,Japan
ORD-803,P0133,Product 133,90,2022-10-12,1.96,1027,Australia
ORD-804,P0114,Product 114,59,2022-07-20,9.47,1003,Germany
ORD-805,P0133,Product 133,3,2023-07-13,1.36,1035,France
ORD-806,P0055,Product 55,74,2022-03-31,93.09,1018,UK
ORD-807,P0147,Product 147,66,2022-06-01,84.95,1033,Canada
ORD-808,P0112,Product 112,49,2021-05-07,43.09,1048,Australia
ORD-809,P0007,Product 7,7,2023-05-24,65.53,1011,Canada
ORD-810,P0036,Product 36,6,2022-07-15,13.11,1031,India
ORD-811,P0093,Product 93,82,2023-12-27,88.96,1008,UK
ORD-812,P0083,Product 83,86,2022-10-20,23.91,1031,Canada
ORD-813,P0131,Product 131,90,2022-12-05,68.5,1026,Australia
ORD-814,P0001,Product 1,91,2021-12-18,52.2,1029,France
ORD-815,P0135,Product 135,44,2023-07-06,15.96,1012,UK
ORD-816,P0140,Product 140,25,2023-11-12,58.27,1034,Australia
ORD-817,P0061,Product 61,28,2022-07-22,84.1,1014,China
ORD-818,P0079,Product 79,41,2022-03-20,30.62,1045,Japan
ORD-819,P0067,Product 67,52,2023-01-27,50.52,1041,Germany
ORD-820,P0123,Product 123,6,2023-11-28,73.33,1004,Canada
ORD-821,P0049,Product 49,12,2022-03-10,98.05,1025,USA
ORD-822,P0134,Product 134,45,2022-09-02,37.7,1010,Germany
ORD-823,P0103,Product 103,28,2021-02-10,2.09,1023,India
ORD-824,P0048,Product 48,98,2021-02-19,26.85,1045,Canada
ORD-825,P0177,Product 177,85,2022-03-24,79.49,1049,China
ORD-826,P0123,Product 123,37,2021-03-31,38.95,1004,China
ORD-827,P0086,Product 86,54,2022-01-01,15.63,1004,Australia
ORD-828,P0160,Product 160,98,2022-07-23,89.95,1011,Brazil
ORD-829,P0095,Product 95,23,2021-07-09,46.95,1014,UK
ORD-830,P0138,Product 138,94,2023-07-22,78.34,1047,India
ORD-831,P0047,Product 47,64,2022-10-09,43.43,1013,Germany
ORD-832,P0042,Product 42,99,2021-01-08,33.92,1040,India
ORD-833,P0068,Product 68,39,2022-10-05,20.91,1018,Germany
ORD-834,P0163,Product 163,95,2021-01-12,64.61,1012,Canada
ORD-835,P0149,Product 149,51,2023-02-24,60.88,1017,France
ORD-836,P0113,Product 113,1,2021-09-21,48.6,1010,UK
ORD-837,P0078,Product 78,59,2023-10-18,5.93,1049,China
ORD-838,P0085,Product 85,64,2021-12-03,61.34,1027,Germany
ORD-839,P0051,Product 51,12,2022-08-07,73.01,1030,Japan
ORD-840,P0194,Product 194,98,2021-02-03,96.62,1037,Australia
ORD-841,P0028,Product 28,95,2021-03-10,59.25,1001,Brazil
ORD-842,P0117,Product 117,29,2021-03-31,13.36,1049,Brazil
ORD-843,P0117,Product 117,29,2023-09-28,92.09,1019,Australia
ORD-844,P0067,Product 67,32,2023-12-18,59.0,1049,Canada
ORD-845,P0051,Product 51,65,2023-07-07,69.05,1016,UK
ORD-846,P0121,Product 121,95,2021-05-20,98.19,1018,Germany
ORD-847,P0049,Product 49,71,2022-10-18,40.53,1005,USA
ORD-848,P0071,Product 71,21,2023-05-22,3.79,1008,USA
ORD-849,P0069,Product 69,78,2022-07-26,1.21,1009,Canada
ORD-850,P0008,Product 8,20,2022-04-13,36.88,1026,China
ORD-851,P0144,Product 144,6,2023-10-28,62.57,1039,Brazil
ORD-852,P0139,Product 139,40,2022-08-08,34.6,1034,Japan
ORD-853,P0079,Product 79,21,2023-11-24,96.69,1017,France
ORD-854,P0197,Product 197,91,2022-11-14,92.68,1011,Australia
ORD-855,P0137,Product 137,30,2022-09-20,77.02,1049,Japan
ORD-856,P0143,Product 143,12,2021-01-09,66.51,1014,Canada
ORD-857,P0166,Product 166,64,2022-06-15,99.85,1013,UK
ORD-858,P0095,Product 95,82,2023-04-03,97.7,1047,Brazil
ORD-859,P0089,Product 89,5,2021-01-17,42.41,1034,Canada
ORD-860,P0172,Product 172,93,2022-08-24,91.91,1046,China
ORD-861,P0036,Product 36,86,2021-11-15,29.7,1038,China
ORD-862,P0088,Product 88,28,2022-10-26,53.41,1049,Canada
ORD-863,P0140,Product 140,97,2022-10-22,51.99,1022,UK
ORD-864,P0027,Product 27,54,2022-07-31,28.0,1036,France
ORD-865,P0055,Product 55,93,2021-10-17,16.63,1001,USA
ORD-866,P0198,Product 198,13,2023-09-08,81.71,1050,Japan
ORD-867,P0035,Product 35,73,2023-05-10,81.67,1009,China
ORD-868,P0188,Product 188,64,2022-05-08,81.12,1025,Japan
ORD-869,P0036,Product 36,51,2021-02-07,79.96,1033,UK
ORD-870,P0145,Product 145,66,2021-02-19,16.09,1045,USA
ORD-871,P0094,Product 94,2,2023-01-10,6.43,1050,Germany
ORD-872,P0180,Product 180,19,2022-09-27,72.23,1041,USA
ORD-873,P0140,Product 140,93,2021-04-15,78.3,1036,Brazil
ORD-874,P0002,Product 2,48,2021-07-02,72.94,1011,Brazil
ORD-875,P0144,Product 144,18,2022-07-09,34.31,1039,Germany
ORD-876,P0147,Product 147,60,2023-02-21,11.98,1037,USA
ORD-877,P0008,Product 8,15,2022-08-18,68.75,1009,China
ORD-878,P0132,Product 132,27,2021-05-14,92.61,1013,USA
ORD-879,P0076,Product 76,87,2021-11-04,30.11,1023,Japan
ORD-880,P0055,Product 55,14,2023-11-18,37.73,1031,Brazil
ORD-881,P0075,Product 75,37,2022-01-02,27.09,1009,France
ORD-882,P0105,Product 105,43,2023-12-24,10.59,1012,UK
ORD-883,P0041,Product 41,59,2021-01-20,25.42,1019,China
ORD-884,P0164,Product 164,85,2022-01-15,45.2,1047,India
ORD-885,P0010,Product 10,63,2022-11-28,90.41,1012,UK
ORD-886,P0042,Product 42,68,2022-06-10,98.74,1002,India
ORD-887,P0111,Product 111,24,2023-06-18,36.52,1045,Germany
ORD-888,P0181,Product 181,97,2021-10-12,80.66,1021,UK
ORD-889,P0059,Product 59,13,2022-12-29,2.85,1022,Canada
ORD-890,P0143,Product 143,25,2023-04-04,65.59,1044,Japan
ORD-891,P0100,Product 100,37,2022-11-03,48.19,1020,India
ORD-892,P0089,Product 89,21,2022-07-18,25.35,1018,Brazil
ORD-893,P0046,Product 46,36,2023-10-31,37.95,1007,Germany
ORD-894,P0043,Product 43,30,2021-06-18,24.82,1010,Australia
ORD-895,P0147,Product 147,75,2023-11-04,82.41,1008,China
ORD-896,P0188,Product 188,80,2022-11-26,21.96,1008,Germany
ORD-897,P0084,Product 84,91,2023-01-07,59.28,1009,Brazil
ORD-898,P0046,Product 46,65,2021-07-26,47.17,1014,USA
ORD-899,P0057,Product 57,72,2022-09-17,94.11,1005,UK
ORD-900,P0144,Product 144,50,2021-08-29,2.65,1006,France
ORD-901,P0015,Product 15,45,2021-09-02,50.38,1029,Brazil
ORD-902,P0123,Product 123,1,2021-04-05,53.98,1004,UK
ORD-903,P0150,Product 150,65,2022-07-26,46.34,1038,India
ORD-904,P0139,Product 139,94,2023-11-08,45.28,1024,Brazil
ORD-905,P0127,Product 127,39,2022-04-23,19.26,1003,Australia
ORD-906,P0135,Product 135,77,2021-09-30,42.95,1031,Australia
ORD-907,P0194,Product 194,59,2023-02-05,79.65,1023,UK
ORD-908,P0060,Product 60,2,2021-08-04,52.06,1010,UK
ORD-909,P0070,Product 70,16,2022-04-15,55.81,1034,Australia
ORD-910,P0155,Product 155,63,2021-10-25,47.05,1049,Brazil
ORD-911,P0079,Product 79,41,2022-05-27,58.64,1020,USA
ORD-912,P0152,Product 152,51,2021-05-08,89.91,1008,Germany
ORD-913,P0030,Product 30,17,2023-03-20,38.58,1042,Canada
ORD-914,P0050,Product 50,64,2023-06-11,95.99,1013,Brazil
ORD-915,P0193,Product 193,70,2022-01-08,5.83,1002,India
ORD-916,P0088,Product 88,64,2021-10-28,57.24,1048,France
ORD-917,P0079,Product 79,40,2023-10-04,24.29,1047,India
ORD-918,P0148,Product 148,18,2021-12-26,11.23,1047,India
ORD-919,P0057,Product 57,97,2022-01-21,48.74,1023,Brazil
ORD-920,P0100,Product 100,30,2022-12-28,15.79,1035,Japan
ORD-921,P0079,Product 79,82,2022-03-21,88.35,1008,Australia
ORD-922,P0015,Product 15,82,2022-06-15,81.58,1049,UK
ORD-923,P0138,Product 138,11,2021-08-17,22.35,1040,Canada
ORD-924,P0047,Product 47,72,2023-09-21,31.35,1036,Japan
ORD-925,P0092,Product 92,70,2023-08-29,84.32,1032,Australia
ORD-926,P0119,Product 119,74,2023-01-05,41.07,1026,USA
ORD-927,P0066,Product 66,64,2023-07-26,89.17,1034,Canada
ORD-928,P0123,Product 123,88,2023-07-23,61.86,1037,China
ORD-929,P0055,Product 55,8,2022-12-30,69.65,1036,Australia
ORD-930,P0157,Product 157,89,2021-03-12,74.86,1007,Germany
ORD-931,P0162,Product 162,22,2023-04-11,13.25,1035,France
ORD-932,P0175,Product 175,78,2022-02-16,68.25,1010,Brazil
ORD-933,P0054,Product 54,11,2023-06-05,87.32,1040,Germany
ORD-934,P0094,Product 94,32,2021-05-11,21.91,1004,Brazil
ORD-935,P0050,Product 50,73,2023-11-10,7.79,1038,Australia
ORD-936,P0001,Product 1,75,2021-04-29,8.68,1022,Canada
ORD-937,P0115,Product 115,73,2023-01-25,99.92,1031,USA
ORD-938,P0021,Product 21,26,2022-11-07,18.3,1021,Japan
ORD-939,P0039,Product 39,8,2022-07-28,9.2,1038,France
ORD-940,P0059,Product 59,62,2021-04-06,61.78,1008,Canada
ORD-941,P0118,Product 118,43,2023-06-29,47.52,1012,Brazil
ORD-942,P0147,Product 147,35,2022-07-23,16.55,1019,Japan
ORD-943,P0001,Product 1,4,2021-08-31,94.69,1013,Canada
ORD-944,P0107,Product 107,51,2022-06-18,60.31,1042,India
ORD-945,P0091,Product 91,23,2023-07-06,64.61,1020,Australia
ORD-946,P0047,Product 47,21,2021-07-21,84.83,1035,USA
ORD-947,P0149,Product 149,72,2023-01-11,9.01,1040,Japan
ORD-948,P0060,Product 60,38,2022-02-13,24.41,1019,USA
ORD-949,P0076,Product 76,83,2021-04-26,99.03,1034,France
ORD-950,P0079,Product 79,25,2021-08-17,66.69,1003,India
ORD-951,P0141,Product 141,43,2022-03-17,66.27,1016,Brazil
ORD-952,P0175,Product 175,32,2021-03-19,87.68,1050,China
ORD-953,P0058,Product 58,69,2022-09-13,38.43,1016,Japan
ORD-954,P0143,Product 143,76,2022-10-15,71.69,1031,China
ORD-955,P0033,Product 33,79,2023-06-13,47.73,1015,France
ORD-956,P0019,Product 19,33,2022-07-12,10.83,1041,USA
ORD-957,P0090,Product 90,4,2023-05-20,85.2,1011,Japan
ORD-958,P0068,Product 68,38,2023-12-02,70.3,1033,India
ORD-959,P0065,Product 65,1,2021-07-06,45.6,1013,USA
ORD-960,P0151,Product 151,68,2022-08-11,1.4,1007,India
ORD-961,P0164,Product 164,21,2023-03-07,87.85,1022,UK
ORD-962,P0141,Product 141,66,2022-06-14,37.77,1040,China
ORD-963,P0196,Product 196,76,2022-04-27,87.39,1027,India
ORD-964,P0104,Product 104,7,2022-04-04,23.57,1045,France
ORD-965,P0104,Product 104,62,2022-08-06,70.8,1045,Japan
ORD-966,P0048,Product 48,1,2022-01-07,84.42,1029,Canada
ORD-967,P0199,Product 199,74,2023-08-02,45.28,1032,Australia
ORD-968,P0169,Product 169,61,2023-10-16,95.48,1029,Germany
ORD-969,P0151,Product 151,71,2022-11-28,57.97,1004,Germany
ORD-970,P0031,Product 31,97,2022-04-07,65.66,1031,China
ORD-971,P0060,Product 60,98,2022-10-24,61.71,1017,China
ORD-972,P0105,Product 105,22,2022-06-17,43.53,1005,China
ORD-973,P0150,Product 150,40,2021-08-18,52.21,1027,Japan
ORD-974,P0020,Product 20,1,2023-07-10,28.14,1002,Japan
ORD-975,P0167,Product 167,2,2022-06-11,90.94,1038,USA
ORD-976,P0019,Product 19,37,2022-05-26,99.66,1034,India
ORD-977,P0089,Product 89,17,2023-12-10,17.46,1015,USA
ORD-978,P0199,Product 199,17,2021-09-24,59.16,1040,Brazil
ORD-979,P0049,Product 49,63,2021-09-24,80.13,1028,UK
ORD-980,P0034,Product 34,66,2021-11-18,42.87,1047,Canada
ORD-981,P0118,Product 118,34,2021-02-27,64.61,1016,China
ORD-982,P0091,Product 91,81,2023-03-13,12.82,1004,UK
ORD-983,P0034,Product 34,38,2021-09-13,93.73,1042,France
ORD-984,P0026,Product 26,10,2021-05-07,20.73,1010,USA
ORD-985,P0140,Product 140,95,2023-01-11,57.5,1044,UK
ORD-986,P0197,Product 197,87,2021-01-03,65.11,1008,France
ORD-987,P0163,Product 163,29,2023-10-03,90.63,1025,Japan
ORD-988,P0017,Product 17,48,2021-08-05,29.36,1014,Japan
ORD-989,P0111,Product 111,54,2023-06-23,55.73,1002,USA
ORD-990,P0191,Product 191,68,2022-06-04,4.13,1021,France
ORD-991,P0046,Product 46,40,2022-09-10,85.75,1013,Germany
ORD-992,P0129,Product 129,61,2023-10-21,29.39,1020,China
ORD-993,P0192,Product 192,1,2023-10-18,32.18,1007,UK
ORD-994,P0184,Product 184,39,2021-07-04,10.75,1032,USA
ORD-995,P0183,Product 183,56,2022-10-13,84.43,1040,USA
ORD-996,P0134,Product 134,43,2023-07-25,58.31,1039,China
ORD-997,P0051,Product 51,1,2023-09-30,23.18,1009,Australia
ORD-998,P0047,Product 47,26,2023-12-25,87.71,1022,UK
ORD-999,P0012,Product 12,31,2023-09-07,94.67,1017,Brazil
ORD-1000,P0101,Product 101,9,2022-02-16,35.41,1050,France
